Peripheral,Function,Assignment,Pin Number,Direction,Remarks,Comments
Clock generator,XTAL,P37/XTAL,20,O,,""
Clock generator,CLKOUT25M,Not assigned,Not assigned,None,,""
Clock generator,CLKOUT,Not assigned,Not assigned,None,,""
Clock generator,XCOUT,Not assigned,Not assigned,None,,""
Clock generator,XCIN,Not assigned,Not assigned,None,,""
Clock generator,BCLK,Not assigned,Not assigned,None,,""
Clock generator,SDCLK,Not assigned,Not assigned,None,,""
Clock generator,EXTAL,P36/EXTAL,22,I,,""
Clock frequency accuracy measurement circuit,CACREF,Not assigned,Not assigned,None,,""
Operating mode control,MD,Not assigned,Not assigned,None,,""
Operating mode control,UB,PC7/UB/A23/CS0#/MTIOC3A/MTCLKB/TMO2/PO31/TOC0/CACREF/GTIOC3A/TXD8/SMOSI8/SSDA8/SMOSI10/SSDA10/TXD10/MISOA-A/ET0_COL/MMC_D7-A/IRQ14,60,I,,""
Operating mode control,UPSEL,P35/UPSEL/NMI,24,I,,""
System control,EMLE,EMLE,10,I,,""
System control,RES#,RES#,19,I,,""
On-chip emulator,TMS,P31/TMS/MTIOC4D/TMCI2/PO9/RTCIC1/CTS1#/RTS1#/SS1#/SSLB0-A/ET1_MDC/PMGI1_MDC/IRQ1,28,I,,""
On-chip emulator,TRCLK,Not assigned,Not assigned,None,,""
On-chip emulator,TRSYNC1,Not assigned,Not assigned,None,,""
On-chip emulator,TRDATA5,Not assigned,Not assigned,None,,""
On-chip emulator,TRDATA4,Not assigned,Not assigned,None,,""
On-chip emulator,TRDATA7,Not assigned,Not assigned,None,,""
On-chip emulator,TRDATA6,Not assigned,Not assigned,None,,""
On-chip emulator,TRDATA1,Not assigned,Not assigned,None,,""
On-chip emulator,TRDATA0,Not assigned,Not assigned,None,,""
On-chip emulator,TRDATA3,Not assigned,Not assigned,None,,""
On-chip emulator,TRDATA2,Not assigned,Not assigned,None,,""
On-chip emulator,TRSYNC,Not assigned,Not assigned,None,,""
On-chip emulator,FINED,MD/FINED,16,IO,,""
On-chip emulator,TRST#,P34/TRST#/MTIOC0A/TMCI3/PO12/POE10#/SCK6/SCK0/ET0_LINKSTA/IRQ4,25,I,,""
On-chip emulator,TCK,P27/TCK/CS7#/MTIOC2B/TMCI3/PO7/SCK1/RSPCKB-A/ET1_WOL,30,I,,""
On-chip emulator,TDI,P30/TDI/MTIOC4B/TMRI3/PO8/RTCIC0/POE8#/RXD1/SMISO1/SSCL1/MISOB-A/ET1_MDIO/PMGI1_MDIO/IRQ0,29,I,,""
On-chip emulator,TDO,P26/TDO/CS6#/MTIOC2A/TMO1/PO6/TXD1/SMOSI1/SSDA1/CTS3#/RTS3#/SS3#/MOSIB-A/ET1_EXOUT,31,O,,""
Buses,A0,Not assigned,Not assigned,None,,""
Buses,A1,Not assigned,Not assigned,None,,""
Buses,A2,Not assigned,Not assigned,None,,""
Buses,A3,Not assigned,Not assigned,None,,""
Buses,A4,Not assigned,Not assigned,None,,""
Buses,A5,Not assigned,Not assigned,None,,""
Buses,A6,Not assigned,Not assigned,None,,""
Buses,A7,Not assigned,Not assigned,None,,""
Buses,A8,Not assigned,Not assigned,None,,""
Buses,A9,Not assigned,Not assigned,None,,""
Buses,RD#,Not assigned,Not assigned,None,,""
Buses,D0,Not assigned,Not assigned,None,,""
Buses,D1,Not assigned,Not assigned,None,,""
Buses,D2,Not assigned,Not assigned,None,,""
Buses,D3,Not assigned,Not assigned,None,,""
Buses,D4,Not assigned,Not assigned,None,,""
Buses,D5,Not assigned,Not assigned,None,,""
Buses,D6,Not assigned,Not assigned,None,,""
Buses,D7,Not assigned,Not assigned,None,,""
Buses,D8,Not assigned,Not assigned,None,,""
Buses,D9,Not assigned,Not assigned,None,,""
Buses,WR#,Not assigned,Not assigned,None,,""
Buses,RAS#,Not assigned,Not assigned,None,,""
Buses,CKE,Not assigned,Not assigned,None,,""
Buses,D10,Not assigned,Not assigned,None,,""
Buses,D12,Not assigned,Not assigned,None,,""
Buses,D11,Not assigned,Not assigned,None,,""
Buses,D14,Not assigned,Not assigned,None,,""
Buses,D13,Not assigned,Not assigned,None,,""
Buses,D15,Not assigned,Not assigned,None,,""
Buses,SDCS#,Not assigned,Not assigned,None,,""
Buses,ALE,Not assigned,Not assigned,None,,""
Buses,WAIT#,Not assigned,Not assigned,None,,""
Buses,BC0#,Not assigned,Not assigned,None,,""
Buses,WR1#,Not assigned,Not assigned,None,,""
Buses,BC1#,Not assigned,Not assigned,None,,""
Buses,A10,Not assigned,Not assigned,None,,""
Buses,A11,Not assigned,Not assigned,None,,""
Buses,A12,Not assigned,Not assigned,None,,""
Buses,A13,Not assigned,Not assigned,None,,""
Buses,A14,Not assigned,Not assigned,None,,""
Buses,A15,Not assigned,Not assigned,None,,""
Buses,WR0#,Not assigned,Not assigned,None,,""
Buses,A16,Not assigned,Not assigned,None,,""
Buses,A17,Not assigned,Not assigned,None,,""
Buses,A18,Not assigned,Not assigned,None,,""
Buses,A19,Not assigned,Not assigned,None,,""
Buses,A20,Not assigned,Not assigned,None,,""
Buses,A21,Not assigned,Not assigned,None,,""
Buses,A22,Not assigned,Not assigned,None,,""
Buses,A23,Not assigned,Not assigned,None,,""
Buses,CS0#,Not assigned,Not assigned,None,,""
Buses,CS1#,Not assigned,Not assigned,None,,""
Buses,CS2#,Not assigned,Not assigned,None,,""
Buses,CS4#,P74/TRDATA5/A20/CS4#/PO19/SS11#/CTS11#/ET0_ERXD1/RMII0_RXD1,72,O,There is no software initialising this pin,"DRV_CS0"
Buses,CS3#,Not assigned,Not assigned,None,,""
Buses,CS5#,Not assigned,Not assigned,None,,""
Buses,DQM0,Not assigned,Not assigned,None,,""
Buses,DQM1,Not assigned,Not assigned,None,,""
Buses,CS6#,Not assigned,Not assigned,None,,""
Buses,CAS#,Not assigned,Not assigned,None,,""
Buses,WE#,Not assigned,Not assigned,None,,""
Buses,CS7#,Not assigned,Not assigned,None,,""
EXDMA controller,EDREQ1,Not assigned,Not assigned,None,,""
EXDMA controller,EDREQ0,Not assigned,Not assigned,None,,""
EXDMA controller,EDACK1,Not assigned,Not assigned,None,,""
EXDMA controller,EDACK0,Not assigned,Not assigned,None,,""
Interrupt controller unit,IRQ14,Not assigned,Not assigned,None,,""
Interrupt controller unit,IRQ13,P05/SSILRCK1/IRQ13/DA1,2,I,There is no software initialising this pin,"BMS_ALERT"
Interrupt controller unit,IRQ12,Not assigned,Not assigned,None,,""
Interrupt controller unit,IRQ11,P03/SSIDATA1/IRQ11/DA0,4,I,There is no software initialising this pin,"SONAR0_ECHO"
Interrupt controller unit,IRQ15,P67/DQM1/CS7#/MTIOC7C/GTIOC1B/CRX2/EPLSOUT1/IRQ15,98,I,There is no software initialising this pin,"HOST_IRQ"
Interrupt controller unit,IRQ10,P02/TMCI1/SCK6/SSIBCK1/IRQ10/AN120,6,I,There is no software initialising this pin,"SONAR1_ECHO"
Interrupt controller unit,IRQ2,Not assigned,Not assigned,None,,""
Interrupt controller unit,IRQ3,Not assigned,Not assigned,None,,""
Interrupt controller unit,IRQ0,Not assigned,Not assigned,None,,""
Interrupt controller unit,IRQ1,Not assigned,Not assigned,None,,""
Interrupt controller unit,IRQ6,Not assigned,Not assigned,None,,""
Interrupt controller unit,IRQ7,Not assigned,Not assigned,None,,""
Interrupt controller unit,IRQ4,Not assigned,Not assigned,None,,""
Interrupt controller unit,IRQ5,Not assigned,Not assigned,None,,""
Interrupt controller unit,IRQ8,P00/TMRI0/TXD6/SMOSI6/SSDA6/AUDIO_CLK/IRQ8/AN118,8,I,There is no software initialising this pin,"SONAR3_ECHO"
Interrupt controller unit,IRQ9,P01/TMCI0/RXD6/SMISO6/SSCL6/SSIBCK0/IRQ9/AN119,7,I,There is no software initialising this pin,"SONAR2_ECHO"
Interrupt controller unit,NMI,Not assigned,Not assigned,None,,""
Multi-function timer pulse unit 3,MTIOC3A,Not assigned,Not assigned,None,,""
Multi-function timer pulse unit 3,MTIOC3B,Not assigned,Not assigned,None,,""
Multi-function timer pulse unit 3,MTIOC3C,Not assigned,Not assigned,None,,""
Multi-function timer pulse unit 3,MTIOC3D,Not assigned,Not assigned,None,,""
Multi-function timer pulse unit 3,MTIOC4A,Not assigned,Not assigned,None,,""
Multi-function timer pulse unit 3,MTIOC4B,Not assigned,Not assigned,None,,""
Multi-function timer pulse unit 3,MTIOC4C,Not assigned,Not assigned,None,,""
Multi-function timer pulse unit 3,MTIOC4D,Not assigned,Not assigned,None,,""
Multi-function timer pulse unit 3,MTIOC1A,Not assigned,Not assigned,None,,""
Multi-function timer pulse unit 3,MTIOC1B,Not assigned,Not assigned,None,,""
Multi-function timer pulse unit 3,MTIOC2A,Not assigned,Not assigned,None,,""
Multi-function timer pulse unit 3,MTIOC2B,Not assigned,Not assigned,None,,""
Multi-function timer pulse unit 3,MTCLKA,P24/CS4#/EDREQ1/MTIOC4A/MTCLKA/TIOCB4/TMRI1/PO4/SCK3/USB0_VBUSEN/SSIBCK1/SDHI_WP/PIXCLK,33,I,There is no software initialising this pin,"ENC0_MTCLKA"
Multi-function timer pulse unit 3,MTCLKB,P25/CLKOUT/CS5#/EDACK1/MTIOC4C/MTCLKB/TIOCA4/PO5/RXD3/SMISO3/SSCL3/SSIDATA1/SDHI_CD/HSYNC/ADTRG0#,32,I,There is no software initialising this pin,"ENC0_MTCLKB"
Multi-function timer pulse unit 3,MTCLKC,PA1/A1/MTIOC0B/MTCLKC/MTIOC7B/TIOCB0/PO17/GTIOC2A/SCK5/SSLA2-B/ET0_WOL/LCD_DATA7-B/IRQ11,96,I,There is no software initialising this pin,"ENC1_MTCLKC"
Multi-function timer pulse unit 3,MTCLKD,PC5/D3/A21/CS2#/WAIT#/MTIOC3B/MTCLKD/TMRI2/PO29/GTIOC1A/SCK8/RTS8#/SCK10/RSPCKA-A/ET0_ETXD2/MMC_D5-A,62,I,There is no software initialising this pin,"ENC1_MTCLKD"
Multi-function timer pulse unit 3,MTIOC0A,Not assigned,Not assigned,None,,""
Multi-function timer pulse unit 3,MTIOC0B,Not assigned,Not assigned,None,,""
Multi-function timer pulse unit 3,MTIOC0C,Not assigned,Not assigned,None,,""
Multi-function timer pulse unit 3,MTIOC0D,Not assigned,Not assigned,None,,""
Multi-function timer pulse unit 3,MTIOC7A,Not assigned,Not assigned,None,,""
Multi-function timer pulse unit 3,MTIOC7B,Not assigned,Not assigned,None,,""
Multi-function timer pulse unit 3,MTIOC7C,Not assigned,Not assigned,None,,""
Multi-function timer pulse unit 3,MTIOC7D,Not assigned,Not assigned,None,,""
Multi-function timer pulse unit 3,MTIOC8A,Not assigned,Not assigned,None,,""
Multi-function timer pulse unit 3,MTIOC8B,Not assigned,Not assigned,None,,""
Multi-function timer pulse unit 3,MTIOC8C,Not assigned,Not assigned,None,,""
Multi-function timer pulse unit 3,MTIOC8D,Not assigned,Not assigned,None,,""
Multi-function timer pulse unit 3,MTIOC6A,Not assigned,Not assigned,None,,""
Multi-function timer pulse unit 3,MTIOC6B,Not assigned,Not assigned,None,,""
Multi-function timer pulse unit 3,MTIOC6C,Not assigned,Not assigned,None,,""
Multi-function timer pulse unit 3,MTIOC6D,Not assigned,Not assigned,None,,""
Multi-function timer pulse unit 3,MTIC5W,Not assigned,Not assigned,None,,""
Multi-function timer pulse unit 3,MTIC5V,Not assigned,Not assigned,None,,""
Multi-function timer pulse unit 3,MTIC5U,Not assigned,Not assigned,None,,""
Port output enable 3,POE10#,Not assigned,Not assigned,None,,""
Port output enable 3,POE0#,Not assigned,Not assigned,None,,""
Port output enable 3,POE11#,Not assigned,Not assigned,None,,""
Port output enable 3,POE8#,Not assigned,Not assigned,None,,""
Port output enable 3,POE4#,Not assigned,Not assigned,None,,""
General PWM timer,GTIOC2A,PE3/D11/D3/MTIOC4B/PO26/TOC3/POE8#/GTIOC2A/CTS12#/RTS12#/SS12#/ET0_ERXD3/MMC_D7-B/LCD_DATA13-B/AN101,108,IO,There is no software initialising this pin,"MOTOR2_PH"
General PWM timer,GTIOC1B,PC3/A19/MTIOC4D/TCLKB/PO24/GTIOC1B/TXD5/SMOSI5/SSDA5/ET0_TX_ER/QMO-A/QIO0-A/SDHI_D0-A/MMC_D0-A,67,IO,There is no software initialising this pin,"MOTOR1_EN"
General PWM timer,GTIOC1A,P22/EDREQ0/MTIOC3B/MTCLKC/TIOCC3/TMO0/PO2/GTIOC1A/SCK0/USB0_OVRCURB/AUDIO_CLK/SDHI_D0-C/PIXD6,35,IO,There is no software initialising this pin,"MOTOR1_PH"
General PWM timer,GTIOC3B,PC6/D2/A22/CS1#/MTIOC3C/MTCLKA/TMCI2/PO30/TIC0/GTIOC3B/RXD8/SMISO8/SSCL8/SMISO10/SSCL10/RXD10/MOSIA-A/ET0_ETXD3/MMC_D6-A/IRQ13,61,IO,There is no software initialising this pin,"MOTOR3_EN"
General PWM timer,GTIOC3A,PE7/D15/D7/MTIOC6A/TOC1/GTIOC3A/MISOB-B/SDHI_WP/MMC_RES#-B/LCD_DATA9-B/IRQ7/AN105,101,IO,There is no software initialising this pin,"MOTOR3_PH"
General PWM timer,GTIOC2B,P86/MTIOC4D/TIOCA0/GTIOC2B/SMISO10/SSCL10/RXD10/PIXD1,41,IO,There is no software initialising this pin,"MOTOR2_EN"
General PWM timer,GTIOC0B,P17/MTIOC3A/MTIOC3B/MTIOC4B/TIOCB0/TCLKD/TMO1/PO15/POE8#/GTIOC0B/SCK1/TXD3/SMOSI3/SSDA3/SDA2/SSITXD0/EPLSOUT0/SDHI_D3-C/PIXD3/IRQ7/ADTRG1#,38,IO,There is no software initialising this pin,"MOTOR0_EN"
General PWM timer,GTIOC0A,P23/EDACK0/MTIOC3D/MTCLKD/TIOCD3/PO3/GTIOC0A/TXD3/SMOSI3/SSDA3/CTS0#/RTS0#/SS0#/CTX1/SSIBCK0/SDHI_D1-C/PIXD7,34,IO,There is no software initialising this pin,"MOTOR0_PH"
General PWM timer,GTADSM1,Not assigned,Not assigned,None,,""
General PWM timer,GTADSM0,Not assigned,Not assigned,None,,""
General PWM timer,GTETRGB,PA6/A6/MTIC5V/MTCLKB/TIOCA2/TMCI3/PO22/POE10#/GTETRGB/CTS5#/RTS5#/SS5#/MOSIA-B/ET0_EXOUT/LCD_DATA2-B,89,I,There is no software initialising this pin,"GPTW_EXT_TRIG1"
General PWM timer,GTETRGA,P15/MTIOC0B/MTCLKB/TIOCB2/TCLKB/TMCI2/PO13/GTETRGA/RXD1/SMISO1/SSCL1/SCK3/CRX1/SSILRCK1/PIXD0/IRQ5,42,I,There is no software initialising this pin,"GPTW_EXT_TRIG0"
General PWM timer,GTETRGD,P14/MTIOC3A/MTCLKA/TIOCB5/TCLKA/TMRI2/PO15/GTETRGD/CTS1#/RTS1#/SS1#/CTX1/USB0_OVRCURA/IRQ4,43,I,There is no software initialising this pin,"GPTW_EXT_TRIG3"
General PWM timer,GTETRGC,PC4/A20/CS3#/MTIOC3D/MTCLKC/TMCI1/PO25/POE0#/GTETRGC/SCK5/CTS8#/SS8#/SS10#/CTS10#/RTS10#/SSLA0-A/ET0_TX_CLK/QMI-A/QIO1-A/SDHI_D1-A/MMC_D1-A,66,I,There is no software initialising this pin,"GPTW_EXT_TRIG2"
16-bit timer pulse unit,TCLKD,PB3/A11/MTIOC0A/MTIOC4A/TIOCD3/TCLKD/TMO0/PO27/POE11#/SCK4/SCK6/ET0_RX_ER/RMII0_RX_ER/LCD_TCON1-B,82,I,There is no software initialising this pin,"ENC3_TCLKD"
16-bit timer pulse unit,TCLKC,PC0/A16/MTIOC3C/TCLKC/PO17/CTS5#/RTS5#/SS5#/SSLA1-A/ET0_ERXD3/IRQ14,75,I,There is no software initialising this pin,"ENC3_TCLKC"
16-bit timer pulse unit,TCLKB,PA3/A3/MTIOC0D/MTCLKD/TIOCD0/TCLKB/PO19/RXD5/SMISO5/SSCL5/ET0_MDIO/PMGI0_MDIO/LCD_DATA5-B/IRQ6,94,I,There is no software initialising this pin,"ENC2_TCLKB"
16-bit timer pulse unit,TCLKA,PC2/A18/MTIOC4B/TCLKA/PO21/GTIOC2B/RXD5/SMISO5/SSCL5/SSLA3-A/ET0_RX_DV/SDHI_D3-A/MMC_CD-A,70,I,There is no software initialising this pin,"ENC2_TCLKA"
16-bit timer pulse unit,TIOCC0,Not assigned,Not assigned,None,,""
16-bit timer pulse unit,TIOCC3,Not assigned,Not assigned,None,,""
16-bit timer pulse unit,TIOCD0,Not assigned,Not assigned,None,,""
16-bit timer pulse unit,TIOCD3,Not assigned,Not assigned,None,,""
16-bit timer pulse unit,TIOCA0,Not assigned,Not assigned,None,,""
16-bit timer pulse unit,TIOCA1,Not assigned,Not assigned,None,,""
16-bit timer pulse unit,TIOCA2,Not assigned,Not assigned,None,,""
16-bit timer pulse unit,TIOCA3,Not assigned,Not assigned,None,,""
16-bit timer pulse unit,TIOCA4,Not assigned,Not assigned,None,,""
16-bit timer pulse unit,TIOCA5,Not assigned,Not assigned,None,,""
16-bit timer pulse unit,TIOCB0,Not assigned,Not assigned,None,,""
16-bit timer pulse unit,TIOCB1,Not assigned,Not assigned,None,,""
16-bit timer pulse unit,TIOCB2,Not assigned,Not assigned,None,,""
16-bit timer pulse unit,TIOCB3,Not assigned,Not assigned,None,,""
16-bit timer pulse unit,TIOCB4,Not assigned,Not assigned,None,,""
16-bit timer pulse unit,TIOCB5,Not assigned,Not assigned,None,,""
Programmable pulse generator,PO17,Not assigned,Not assigned,None,,""
Programmable pulse generator,PO16,Not assigned,Not assigned,None,,""
Programmable pulse generator,PO19,Not assigned,Not assigned,None,,""
Programmable pulse generator,PO18,Not assigned,Not assigned,None,,""
Programmable pulse generator,PO13,Not assigned,Not assigned,None,,""
Programmable pulse generator,PO12,Not assigned,Not assigned,None,,""
Programmable pulse generator,PO15,Not assigned,Not assigned,None,,""
Programmable pulse generator,PO14,Not assigned,Not assigned,None,,""
Programmable pulse generator,PO20,Not assigned,Not assigned,None,,""
Programmable pulse generator,PO22,Not assigned,Not assigned,None,,""
Programmable pulse generator,PO21,Not assigned,Not assigned,None,,""
Programmable pulse generator,PO11,Not assigned,Not assigned,None,,""
Programmable pulse generator,PO10,Not assigned,Not assigned,None,,""
Programmable pulse generator,PO28,Not assigned,Not assigned,None,,""
Programmable pulse generator,PO27,Not assigned,Not assigned,None,,""
Programmable pulse generator,PO29,Not assigned,Not assigned,None,,""
Programmable pulse generator,PO24,Not assigned,Not assigned,None,,""
Programmable pulse generator,PO23,Not assigned,Not assigned,None,,""
Programmable pulse generator,PO26,Not assigned,Not assigned,None,,""
Programmable pulse generator,PO25,Not assigned,Not assigned,None,,""
Programmable pulse generator,PO31,Not assigned,Not assigned,None,,""
Programmable pulse generator,PO30,Not assigned,Not assigned,None,,""
Programmable pulse generator,PO0,Not assigned,Not assigned,None,,""
Programmable pulse generator,PO2,Not assigned,Not assigned,None,,""
Programmable pulse generator,PO1,Not assigned,Not assigned,None,,""
Programmable pulse generator,PO4,Not assigned,Not assigned,None,,""
Programmable pulse generator,PO3,Not assigned,Not assigned,None,,""
Programmable pulse generator,PO6,Not assigned,Not assigned,None,,""
Programmable pulse generator,PO5,Not assigned,Not assigned,None,,""
Programmable pulse generator,PO8,Not assigned,Not assigned,None,,""
Programmable pulse generator,PO7,Not assigned,Not assigned,None,,""
Programmable pulse generator,PO9,Not assigned,Not assigned,None,,""
8-bit timer,TMO3,Not assigned,Not assigned,None,,""
8-bit timer,TMO2,Not assigned,Not assigned,None,,""
8-bit timer,TMO1,Not assigned,Not assigned,None,,""
8-bit timer,TMO0,Not assigned,Not assigned,None,,""
8-bit timer,TMRI3,Not assigned,Not assigned,None,,""
8-bit timer,TMRI2,Not assigned,Not assigned,None,,""
8-bit timer,TMRI1,Not assigned,Not assigned,None,,""
8-bit timer,TMRI0,Not assigned,Not assigned,None,,""
8-bit timer,TMCI2,Not assigned,Not assigned,None,,""
8-bit timer,TMCI1,Not assigned,Not assigned,None,,""
8-bit timer,TMCI0,Not assigned,Not assigned,None,,""
8-bit timer,TMCI3,Not assigned,Not assigned,None,,""
Compare match timer W,TOC3,Not assigned,Not assigned,None,,""
Compare match timer W,TOC2,Not assigned,Not assigned,None,,""
Compare match timer W,TOC1,Not assigned,Not assigned,None,,""
Compare match timer W,TOC0,Not assigned,Not assigned,None,,""
Compare match timer W,TIC3,Not assigned,Not assigned,None,,""
Compare match timer W,TIC2,Not assigned,Not assigned,None,,""
Compare match timer W,TIC1,Not assigned,Not assigned,None,,""
Compare match timer W,TIC0,Not assigned,Not assigned,None,,""
Serial communications interface,CTS3#,Not assigned,Not assigned,None,,""
Serial communications interface,RTS6#,Not assigned,Not assigned,None,,""
Serial communications interface,RXDX12,Not assigned,Not assigned,None,,""
Serial communications interface,CTS4#,Not assigned,Not assigned,None,,""
Serial communications interface,RTS4#,Not assigned,Not assigned,None,,""
Serial communications interface,RTS5#,Not assigned,Not assigned,None,,""
Serial communications interface,SSDA5,Not assigned,Not assigned,None,,""
Serial communications interface,SSDA6,Not assigned,Not assigned,None,,""
Serial communications interface,SSDA7,Not assigned,Not assigned,None,,""
Serial communications interface,CTS1#,Not assigned,Not assigned,None,,""
Serial communications interface,SSDA8,Not assigned,Not assigned,None,,""
Serial communications interface,SSDA9,Not assigned,Not assigned,None,,""
Serial communications interface,SSDA0,Not assigned,Not assigned,None,,""
Serial communications interface,SSDA1,Not assigned,Not assigned,None,,""
Serial communications interface,SSDA2,Not assigned,Not assigned,None,,""
Serial communications interface,SSDA3,Not assigned,Not assigned,None,,""
Serial communications interface,SSDA4,Not assigned,Not assigned,None,,""
Serial communications interface,SS1#,Not assigned,Not assigned,None,,""
Serial communications interface,RTS8#,Not assigned,Not assigned,None,,""
Serial communications interface,CTS2#,Not assigned,Not assigned,None,,""
Serial communications interface,SS0#,Not assigned,Not assigned,None,,""
Serial communications interface,RTS7#,Not assigned,Not assigned,None,,""
Serial communications interface,RTS1#,Not assigned,Not assigned,None,,""
Serial communications interface,SS3#,Not assigned,Not assigned,None,,""
Serial communications interface,TXD10,Not assigned,Not assigned,None,,""
Serial communications interface,CTS0#,Not assigned,Not assigned,None,,""
Serial communications interface,TXD11,Not assigned,Not assigned,None,,""
Serial communications interface,TXD12,Not assigned,Not assigned,None,,""
Serial communications interface,RTS0#,Not assigned,Not assigned,None,,""
Serial communications interface,SS2#,Not assigned,Not assigned,None,,""
Serial communications interface,SS5#,Not assigned,Not assigned,None,,""
Serial communications interface,RTS3#,Not assigned,Not assigned,None,,""
Serial communications interface,RTS2#,Not assigned,Not assigned,None,,""
Serial communications interface,SS4#,Not assigned,Not assigned,None,,""
Serial communications interface,SIOX12,Not assigned,Not assigned,None,,""
Serial communications interface,SSCL12,Not assigned,Not assigned,None,,""
Serial communications interface,SSCL11,Not assigned,Not assigned,None,,""
Serial communications interface,SSCL10,Not assigned,Not assigned,None,,""
Serial communications interface,SS7#,Not assigned,Not assigned,None,,""
Serial communications interface,RXD4,Not assigned,Not assigned,None,,""
Serial communications interface,RXD5,Not assigned,Not assigned,None,,""
Serial communications interface,RXD2,Not assigned,Not assigned,None,,""
Serial communications interface,RXD3,Not assigned,Not assigned,None,,""
Serial communications interface,RXD0,Not assigned,Not assigned,None,,""
Serial communications interface,RXD1,Not assigned,Not assigned,None,,""
Serial communications interface,SMISO12,PE2/D10/D2/MTIOC4A/PO23/TIC3/GTIOC0B/RXD12/SMISO12/SSCL12/RXDX12/SSLB3-B/MMC_D6-B/LCD_DATA14-B/IRQ7/AN100,109,IO,There is no software initialising this pin,"DRV_CIPO"
Serial communications interface,RXD8,Not assigned,Not assigned,None,,""
Serial communications interface,RXD9,PB6/A14/MTIOC3D/TIOCA5/PO30/RXD9/SMISO9/SSCL9/SMISO11/SSCL11/RXD11/ET0_ETXD1/RMII0_TXD1,79,I,There is no software initialising this pin,"DEBUG_RXD9"
Serial communications interface,RXD6,Not assigned,Not assigned,None,,""
Serial communications interface,SMISO11,Not assigned,Not assigned,None,,""
Serial communications interface,SMISO10,Not assigned,Not assigned,None,,""
Serial communications interface,RXD7,Not assigned,Not assigned,None,,""
Serial communications interface,SS6#,Not assigned,Not assigned,None,,""
Serial communications interface,RTS10#,Not assigned,Not assigned,None,,""
Serial communications interface,SMOSI0,Not assigned,Not assigned,None,,""
Serial communications interface,SMOSI1,Not assigned,Not assigned,None,,""
Serial communications interface,SMOSI2,Not assigned,Not assigned,None,,""
Serial communications interface,SMOSI7,Not assigned,Not assigned,None,,""
Serial communications interface,SMOSI8,Not assigned,Not assigned,None,,""
Serial communications interface,SMOSI9,Not assigned,Not assigned,None,,""
Serial communications interface,SMOSI3,Not assigned,Not assigned,None,,""
Serial communications interface,SS9#,Not assigned,Not assigned,None,,""
Serial communications interface,SMOSI4,Not assigned,Not assigned,None,,""
Serial communications interface,SMOSI5,Not assigned,Not assigned,None,,""
Serial communications interface,SMOSI6,Not assigned,Not assigned,None,,""
Serial communications interface,SS8#,Not assigned,Not assigned,None,,""
Serial communications interface,RTS9#,Not assigned,Not assigned,None,,""
Serial communications interface,TXD7,Not assigned,Not assigned,None,,""
Serial communications interface,TXD6,Not assigned,Not assigned,None,,""
Serial communications interface,TXD5,Not assigned,Not assigned,None,,""
Serial communications interface,TXD4,Not assigned,Not assigned,None,,""
Serial communications interface,TXD3,Not assigned,Not assigned,None,,""
Serial communications interface,TXD2,Not assigned,Not assigned,None,,""
Serial communications interface,TXD1,Not assigned,Not assigned,None,,""
Serial communications interface,TXD0,Not assigned,Not assigned,None,,""
Serial communications interface,TXD9,PB7/A15/MTIOC3B/TIOCB5/PO31/TXD9/SMOSI9/SSDA9/SMOSI11/SSDA11/TXD11/ET0_CRS/RMII0_CRS_DV,78,O,There is no software initialising this pin,"DEBUG_TXD9"
Serial communications interface,TXD8,Not assigned,Not assigned,None,,""
Serial communications interface,RXD10,Not assigned,Not assigned,None,,""
Serial communications interface,RXD11,Not assigned,Not assigned,None,,""
Serial communications interface,RXD12,Not assigned,Not assigned,None,,""
Serial communications interface,SSCL9,Not assigned,Not assigned,None,,""
Serial communications interface,SSCL1,Not assigned,Not assigned,None,,""
Serial communications interface,SSCL2,Not assigned,Not assigned,None,,""
Serial communications interface,SSCL3,Not assigned,Not assigned,None,,""
Serial communications interface,SSCL4,Not assigned,Not assigned,None,,""
Serial communications interface,SSCL5,Not assigned,Not assigned,None,,""
Serial communications interface,SSCL6,Not assigned,Not assigned,None,,""
Serial communications interface,SSCL7,Not assigned,Not assigned,None,,""
Serial communications interface,SSCL8,Not assigned,Not assigned,None,,""
Serial communications interface,SSCL0,Not assigned,Not assigned,None,,""
Serial communications interface,TXDX12,Not assigned,Not assigned,None,,""
Serial communications interface,RTS12#,Not assigned,Not assigned,None,,""
Serial communications interface,RTS11#,Not assigned,Not assigned,None,,""
Serial communications interface,SS11#,Not assigned,Not assigned,None,,""
Serial communications interface,SMOSI10,Not assigned,Not assigned,None,,""
Serial communications interface,SMOSI11,Not assigned,Not assigned,None,,""
Serial communications interface,SMOSI12,PE1/D9/D1/MTIOC4C/MTIOC3B/PO18/GTIOC1B/TXD12/SMOSI12/SSDA12/TXDX12/SIOX12/SSLB2-B/MMC_D5-B/LCD_DATA15-B/ANEX1,110,IO,There is no software initialising this pin,"DRV_COPI"
Serial communications interface,SS10#,Not assigned,Not assigned,None,,""
Serial communications interface,CTS9#,Not assigned,Not assigned,None,,""
Serial communications interface,SS12#,Not assigned,Not assigned,None,,""
Serial communications interface,CTS7#,Not assigned,Not assigned,None,,""
Serial communications interface,SCK1,Not assigned,Not assigned,None,,""
Serial communications interface,SCK2,Not assigned,Not assigned,None,,""
Serial communications interface,SCK0,Not assigned,Not assigned,None,,""
Serial communications interface,CTS10#,Not assigned,Not assigned,None,,""
Serial communications interface,SCK9,Not assigned,Not assigned,None,,""
Serial communications interface,SCK7,Not assigned,Not assigned,None,,""
Serial communications interface,CTS8#,Not assigned,Not assigned,None,,""
Serial communications interface,SCK8,Not assigned,Not assigned,None,,""
Serial communications interface,SCK5,Not assigned,Not assigned,None,,""
Serial communications interface,SCK6,Not assigned,Not assigned,None,,""
Serial communications interface,SCK3,Not assigned,Not assigned,None,,""
Serial communications interface,SCK4,Not assigned,Not assigned,None,,""
Serial communications interface,SMISO0,Not assigned,Not assigned,None,,""
Serial communications interface,SMISO2,Not assigned,Not assigned,None,,""
Serial communications interface,SMISO1,Not assigned,Not assigned,None,,""
Serial communications interface,CTS5#,Not assigned,Not assigned,None,,""
Serial communications interface,SMISO4,Not assigned,Not assigned,None,,""
Serial communications interface,SMISO3,Not assigned,Not assigned,None,,""
Serial communications interface,SMISO6,Not assigned,Not assigned,None,,""
Serial communications interface,SMISO5,Not assigned,Not assigned,None,,""
Serial communications interface,SMISO8,Not assigned,Not assigned,None,,""
Serial communications interface,SMISO7,Not assigned,Not assigned,None,,""
Serial communications interface,SMISO9,Not assigned,Not assigned,None,,""
Serial communications interface,CTS11#,Not assigned,Not assigned,None,,""
Serial communications interface,SCK11,Not assigned,Not assigned,None,,""
Serial communications interface,SCK10,Not assigned,Not assigned,None,,""
Serial communications interface,SSDA12,Not assigned,Not assigned,None,,""
Serial communications interface,SCK12,PE0/D8/D0/MTIOC3D/GTIOC2B/SCK12/SSLB1-B/MMC_D4-B/LCD_DATA16-B/ANEX0,111,IO,There is no software initialising this pin,"DRV_SCLK"
Serial communications interface,SSDA11,Not assigned,Not assigned,None,,""
Serial communications interface,SSDA10,Not assigned,Not assigned,None,,""
Serial communications interface,CTS6#,Not assigned,Not assigned,None,,""
Serial communications interface,CTS12#,Not assigned,Not assigned,None,,""
I2C bus interface,SDA2,Not assigned,Not assigned,None,,""
I2C bus interface,SDA0,P13/MTIOC0B/TIOCA5/TMO3/PO13/GTADSM1/TXD2/SMOSI2/SSDA2/SDA0/IRQ3/ADTRG1#,44,IO,There is no software initialising this pin,"HOST_SDA0"
I2C bus interface,SDA1,P20/MTIOC1A/TIOCB3/TMRI0/PO0/TXD0/SMOSI0/SSDA0/SDA1/USB0_ID/SSIRXD0/SDHI_CMD-C/PIXD4/IRQ8,37,IO,There is no software initialising this pin,"BMS_SDA1"
I2C bus interface,SCL2,Not assigned,Not assigned,None,,""
I2C bus interface,SCL0,P12/TMCI1/GTADSM0/RXD2/SMISO2/SSCL2/SCL0/IRQ2,45,IO,There is no software initialising this pin,"HOST_SCL0"
I2C bus interface,SCL1,P21/MTIOC1B/MTIOC4A/TIOCA3/TMCI0/PO1/GTIOC2A/RXD0/SMISO0/SSCL0/SCL1/USB0_EXICEN/SSILRCK0/SDHI_CLK-C/PIXD5/IRQ9,36,IO,There is no software initialising this pin,"BMS_SCL1"
Ethernet controller,ET1_WOL,Not assigned,Not assigned,None,,""
Ethernet controller,RMII1_TXD0,Not assigned,Not assigned,None,,""
Ethernet controller,RMII1_TXD1,Not assigned,Not assigned,None,,""
Ethernet controller,RMII0_RXD0,Not assigned,Not assigned,None,,""
Ethernet controller,RMII0_RXD1,Not assigned,Not assigned,None,,""
Ethernet controller,ET0_WOL,Not assigned,Not assigned,None,,""
Ethernet controller,ET0_EXOUT,Not assigned,Not assigned,None,,""
Ethernet controller,RMII0_TXD1,Not assigned,Not assigned,None,,""
Ethernet controller,RMII0_TXD0,Not assigned,Not assigned,None,,""
Ethernet controller,RMII1_CRS_DV,Not assigned,Not assigned,None,,""
Ethernet controller,REF50CK1,Not assigned,Not assigned,None,,""
Ethernet controller,REF50CK0,Not assigned,Not assigned,None,,""
Ethernet controller,ET1_LINKSTA,Not assigned,Not assigned,None,,""
Ethernet controller,RMII1_RXD1,Not assigned,Not assigned,None,,""
Ethernet controller,RMII1_RXD0,Not assigned,Not assigned,None,,""
Ethernet controller,ET1_MDC,Not assigned,Not assigned,None,,""
Ethernet controller,ET1_MDIO,Not assigned,Not assigned,None,,""
Ethernet controller,ET0_TX_EN,Not assigned,Not assigned,None,,""
Ethernet controller,ET0_TX_ER,Not assigned,Not assigned,None,,""
Ethernet controller,ET0_MDC,Not assigned,Not assigned,None,,""
Ethernet controller,ET0_COL,Not assigned,Not assigned,None,,""
Ethernet controller,ET0_CRS,Not assigned,Not assigned,None,,""
Ethernet controller,ET1_EXOUT,Not assigned,Not assigned,None,,""
Ethernet controller,RMII1_RX_ER,Not assigned,Not assigned,None,,""
Ethernet controller,ET0_RX_DV,Not assigned,Not assigned,None,,""
Ethernet controller,ET0_LINKSTA,Not assigned,Not assigned,None,,""
Ethernet controller,ET0_RX_ER,Not assigned,Not assigned,None,,""
Ethernet controller,ET0_ETXD3,Not assigned,Not assigned,None,,""
Ethernet controller,ET0_ETXD2,Not assigned,Not assigned,None,,""
Ethernet controller,ET0_ETXD1,Not assigned,Not assigned,None,,""
Ethernet controller,ET0_ETXD0,Not assigned,Not assigned,None,,""
Ethernet controller,ET0_RX_CLK,Not assigned,Not assigned,None,,""
Ethernet controller,ET0_ERXD3,Not assigned,Not assigned,None,,""
Ethernet controller,ET0_ERXD2,Not assigned,Not assigned,None,,""
Ethernet controller,ET0_ERXD1,Not assigned,Not assigned,None,,""
Ethernet controller,ET0_ERXD0,Not assigned,Not assigned,None,,""
Ethernet controller,ET0_TX_CLK,Not assigned,Not assigned,None,,""
Ethernet controller,RMII0_RX_ER,Not assigned,Not assigned,None,,""
Ethernet controller,RMII0_TXD_EN,Not assigned,Not assigned,None,,""
Ethernet controller,RMII1_TXD_EN,Not assigned,Not assigned,None,,""
Ethernet controller,ET0_MDIO,Not assigned,Not assigned,None,,""
Ethernet controller,RMII0_CRS_DV,Not assigned,Not assigned,None,,""
PTP module for the Ethernet controller,EPLSOUT0,Not assigned,Not assigned,None,,""
PTP module for the Ethernet controller,EPLSOUT1,Not assigned,Not assigned,None,,""
PHY management interface,PMGI1_MDIO,Not assigned,Not assigned,None,,""
PHY management interface,PMGI1_MDC,Not assigned,Not assigned,None,,""
PHY management interface,PMGI0_MDIO,Not assigned,Not assigned,None,,""
PHY management interface,PMGI0_MDC,Not assigned,Not assigned,None,,""
USB 2.0 host/function module,USB0_VBUS,P16/MTIOC3C/MTIOC3D/TIOCB1/TCLKC/TMO2/PO14/RTCOUT/TXD1/SMOSI1/SSDA1/RXD3/SMISO3/SSCL3/SCL2/USB0_VBUSEN/USB0_VBUS/USB0_OVRCURB/IRQ6/ADTRG0#,40,I,There is no software initialising this pin,""
USB 2.0 host/function module,USB0_EXICEN,Not assigned,Not assigned,None,,""
USB 2.0 host/function module,VSS_USB,VSS_USB,49,-,Read only,""
USB 2.0 host/function module,USB0_OVRCURA,Not assigned,Not assigned,None,,""
USB 2.0 host/function module,USB0_OVRCURB,Not assigned,Not assigned,None,,""
USB 2.0 host/function module,USB0_ID,Not assigned,Not assigned,None,,""
USB 2.0 host/function module,USB0_VBUSEN,Not assigned,Not assigned,None,,""
USB 2.0 host/function module,VCC_USB,VCC_USB,46,-,Read only,""
USB 2.0 host/function module,USB0_DM,USB0_DM,47,IO,There is no software initialising this pin,"HOST_USB0_DM"
USB 2.0 host/function module,USB0_DP,USB0_DP,48,IO,There is no software initialising this pin,"HOST_USB0_DP"
CAN module,CTX2,Not assigned,Not assigned,None,,""
CAN module,CTX1,Not assigned,Not assigned,None,,""
CAN module,CTX0,Not assigned,Not assigned,None,,""
CAN module,CRX2,Not assigned,Not assigned,None,,""
CAN module,CRX1,Not assigned,Not assigned,None,,""
CAN module,CRX0,Not assigned,Not assigned,None,,""
Serial peripheral interface,RSPCKC,PD3/D3/MTIOC8D/TOC2/POE8#/GTIOC0A/RSPCKC-A/ET1_WOL/QIO3-B/SDHI_D3-B/MMC_D3-B/LCD_DATA21-B/IRQ3/AN111,123,IO,There is no software initialising this pin,"HOST_SCLK"
Serial peripheral interface,RSPCKA,Not assigned,Not assigned,None,,""
Serial peripheral interface,RSPCKB,Not assigned,Not assigned,None,,""
Serial peripheral interface,MISOC,PD2/D2/MTIOC4D/TIC2/GTIOC0B/MISOC-A/CRX0/ET1_EXOUT/QIO2-B/SDHI_D2-B/MMC_D2-B/LCD_DATA22-B/IRQ2/AN110,124,IO,There is no software initialising this pin,"HOST_CIPO"
Serial peripheral interface,MISOB,Not assigned,Not assigned,None,,""
Serial peripheral interface,MISOA,Not assigned,Not assigned,None,,""
Serial peripheral interface,SSLA0,Not assigned,Not assigned,None,,""
Serial peripheral interface,SSLA1,Not assigned,Not assigned,None,,""
Serial peripheral interface,SSLA2,Not assigned,Not assigned,None,,""
Serial peripheral interface,SSLA3,Not assigned,Not assigned,None,,""
Serial peripheral interface,SSLC0,PD4/D4/MTIOC8B/POE11#/SSLC0-A/ET1_MDIO/PMGI1_MDIO/QSSL-B/SDHI_CMD-B/MMC_CMD-B/LCD_DATA20-B/IRQ4/AN112,122,IO,There is no software initialising this pin,"HOST_CS0"
Serial peripheral interface,SSLC1,Not assigned,Not assigned,None,,""
Serial peripheral interface,SSLC2,Not assigned,Not assigned,None,,""
Serial peripheral interface,SSLC3,Not assigned,Not assigned,None,,""
Serial peripheral interface,SSLB0,Not assigned,Not assigned,None,,""
Serial peripheral interface,SSLB1,Not assigned,Not assigned,None,,""
Serial peripheral interface,SSLB2,Not assigned,Not assigned,None,,""
Serial peripheral interface,SSLB3,Not assigned,Not assigned,None,,""
Serial peripheral interface,MOSIB,Not assigned,Not assigned,None,,""
Serial peripheral interface,MOSIC,PD1/D1/MTIOC4B/POE0#/GTIOC1A/MOSIC-A/CTX0/LCD_DATA23-B/IRQ1/AN109,125,IO,There is no software initialising this pin,"HOST_COPI"
Serial peripheral interface,MOSIA,Not assigned,Not assigned,None,,""
Quad serial peripheral interface,QSPCLK,Not assigned,Not assigned,None,,""
Quad serial peripheral interface,QMI,Not assigned,Not assigned,None,,""
Quad serial peripheral interface,QMO,Not assigned,Not assigned,None,,""
Quad serial peripheral interface,QIO3,Not assigned,Not assigned,None,,""
Quad serial peripheral interface,QIO0,Not assigned,Not assigned,None,,""
Quad serial peripheral interface,QIO2,Not assigned,Not assigned,None,,""
Quad serial peripheral interface,QIO1,Not assigned,Not assigned,None,,""
Quad serial peripheral interface,QSSL,Not assigned,Not assigned,None,,""
Serial sound interface enhanced,SSIDATA1,Not assigned,Not assigned,None,,""
Serial sound interface enhanced,SSILRCK0,Not assigned,Not assigned,None,,""
Serial sound interface enhanced,SSILRCK1,Not assigned,Not assigned,None,,""
Serial sound interface enhanced,AUDIO_CLK,Not assigned,Not assigned,None,,""
Serial sound interface enhanced,SSIBCK0,Not assigned,Not assigned,None,,""
Serial sound interface enhanced,SSIBCK1,Not assigned,Not assigned,None,,""
Serial sound interface enhanced,SSIRXD0,Not assigned,Not assigned,None,,""
Serial sound interface enhanced,SSITXD0,Not assigned,Not assigned,None,,""
MMC host interface,MMC_RES#,Not assigned,Not assigned,None,,""
MMC host interface,MMC_D2,Not assigned,Not assigned,None,,""
MMC host interface,MMC_D3,Not assigned,Not assigned,None,,""
MMC host interface,MMC_D0,Not assigned,Not assigned,None,,""
MMC host interface,MMC_D1,Not assigned,Not assigned,None,,""
MMC host interface,MMC_D6,Not assigned,Not assigned,None,,""
MMC host interface,MMC_D7,Not assigned,Not assigned,None,,""
MMC host interface,MMC_D4,Not assigned,Not assigned,None,,""
MMC host interface,MMC_D5,Not assigned,Not assigned,None,,""
MMC host interface,MMC_CD,Not assigned,Not assigned,None,,""
MMC host interface,MMC_CLK,Not assigned,Not assigned,None,,""
MMC host interface,MMC_CMD,Not assigned,Not assigned,None,,""
SD host interface,SDHI_CMD,Not assigned,Not assigned,None,,""
SD host interface,SDHI_CLK,Not assigned,Not assigned,None,,""
SD host interface,SDHI_WP,Not assigned,Not assigned,None,,""
SD host interface,SDHI_CD,Not assigned,Not assigned,None,,""
SD host interface,SDHI_D3,Not assigned,Not assigned,None,,""
SD host interface,SDHI_D2,Not assigned,Not assigned,None,,""
SD host interface,SDHI_D1,Not assigned,Not assigned,None,,""
SD host interface,SDHI_D0,Not assigned,Not assigned,None,,""
Parallel data capture unit,PIXD0,Not assigned,Not assigned,None,,""
Parallel data capture unit,PIXD2,Not assigned,Not assigned,None,,""
Parallel data capture unit,PIXD1,Not assigned,Not assigned,None,,""
Parallel data capture unit,PIXD4,Not assigned,Not assigned,None,,""
Parallel data capture unit,PIXD3,Not assigned,Not assigned,None,,""
Parallel data capture unit,PCKO,Not assigned,Not assigned,None,,""
Parallel data capture unit,PIXD6,Not assigned,Not assigned,None,,""
Parallel data capture unit,PIXD5,Not assigned,Not assigned,None,,""
Parallel data capture unit,PIXD7,Not assigned,Not assigned,None,,""
Parallel data capture unit,HSYNC,Not assigned,Not assigned,None,,""
Parallel data capture unit,VSYNC,Not assigned,Not assigned,None,,""
Parallel data capture unit,PIXCLK,Not assigned,Not assigned,None,,""
Graphic-LCD controller,LCD_TCON3,Not assigned,Not assigned,None,,""
Graphic-LCD controller,LCD_TCON2,Not assigned,Not assigned,None,,""
Graphic-LCD controller,LCD_TCON1,Not assigned,Not assigned,None,,""
Graphic-LCD controller,LCD_TCON0,Not assigned,Not assigned,None,,""
Graphic-LCD controller,LCD_EXTCLK,Not assigned,Not assigned,None,,""
Graphic-LCD controller,LCD_CLK,Not assigned,Not assigned,None,,""
Graphic-LCD controller,LCD_DATA21,Not assigned,Not assigned,None,,""
Graphic-LCD controller,LCD_DATA20,Not assigned,Not assigned,None,,""
Graphic-LCD controller,LCD_DATA23,Not assigned,Not assigned,None,,""
Graphic-LCD controller,LCD_DATA22,Not assigned,Not assigned,None,,""
Graphic-LCD controller,LCD_DATA18,Not assigned,Not assigned,None,,""
Graphic-LCD controller,LCD_DATA17,Not assigned,Not assigned,None,,""
Graphic-LCD controller,LCD_DATA16,Not assigned,Not assigned,None,,""
Graphic-LCD controller,LCD_DATA15,Not assigned,Not assigned,None,,""
Graphic-LCD controller,LCD_DATA19,Not assigned,Not assigned,None,,""
Graphic-LCD controller,LCD_DATA10,Not assigned,Not assigned,None,,""
Graphic-LCD controller,LCD_DATA14,Not assigned,Not assigned,None,,""
Graphic-LCD controller,LCD_DATA13,Not assigned,Not assigned,None,,""
Graphic-LCD controller,LCD_DATA12,Not assigned,Not assigned,None,,""
Graphic-LCD controller,LCD_DATA11,Not assigned,Not assigned,None,,""
Graphic-LCD controller,LCD_DATA0,Not assigned,Not assigned,None,,""
Graphic-LCD controller,LCD_DATA1,Not assigned,Not assigned,None,,""
Graphic-LCD controller,LCD_DATA2,Not assigned,Not assigned,None,,""
Graphic-LCD controller,LCD_DATA3,Not assigned,Not assigned,None,,""
Graphic-LCD controller,LCD_DATA4,Not assigned,Not assigned,None,,""
Graphic-LCD controller,LCD_DATA5,Not assigned,Not assigned,None,,""
Graphic-LCD controller,LCD_DATA6,Not assigned,Not assigned,None,,""
Graphic-LCD controller,LCD_DATA7,Not assigned,Not assigned,None,,""
Graphic-LCD controller,LCD_DATA8,Not assigned,Not assigned,None,,""
Graphic-LCD controller,LCD_DATA9,Not assigned,Not assigned,None,,""
Realtime clock,RTCIC0,Not assigned,Not assigned,None,,""
Realtime clock,RTCIC1,Not assigned,Not assigned,None,,""
Realtime clock,RTCIC2,Not assigned,Not assigned,None,,""
Realtime clock,RTCOUT,Not assigned,Not assigned,None,,""
12-bit A/D converter,ADTRG1#,Not assigned,Not assigned,None,,""
12-bit A/D converter,AN104,Not assigned,Not assigned,None,,""
12-bit A/D converter,AN105,Not assigned,Not assigned,None,,""
12-bit A/D converter,AN106,Not assigned,Not assigned,None,,""
12-bit A/D converter,AN107,Not assigned,Not assigned,None,,""
12-bit A/D converter,AN108,Not assigned,Not assigned,None,,""
12-bit A/D converter,AN109,Not assigned,Not assigned,None,,""
12-bit A/D converter,AN100,Not assigned,Not assigned,None,,""
12-bit A/D converter,AN101,Not assigned,Not assigned,None,,""
12-bit A/D converter,AN102,Not assigned,Not assigned,None,,""
12-bit A/D converter,AN103,Not assigned,Not assigned,None,,""
12-bit A/D converter,ANEX0,Not assigned,Not assigned,None,,""
12-bit A/D converter,ANEX1,Not assigned,Not assigned,None,,""
12-bit A/D converter,AN005,P45/IRQ13/AN005,135,I,There is no software initialising this pin,"MOTOR2_ISENSE"
12-bit A/D converter,AN006,P46/IRQ14/AN006,134,I,There is no software initialising this pin,"MOTOR1_ISENSE"
12-bit A/D converter,AN007,P47/IRQ15/AN007,133,I,There is no software initialising this pin,"MOTOR0_ISENSE"
12-bit A/D converter,AN120,Not assigned,Not assigned,None,,""
12-bit A/D converter,AN000,Not assigned,Not assigned,None,,""
12-bit A/D converter,AN001,Not assigned,Not assigned,None,,""
12-bit A/D converter,AN002,Not assigned,Not assigned,None,,""
12-bit A/D converter,AN003,Not assigned,Not assigned,None,,""
12-bit A/D converter,AN004,P44/IRQ12/AN004,136,I,There is no software initialising this pin,"MOTOR3_ISENSE"
12-bit A/D converter,AN115,Not assigned,Not assigned,None,,""
12-bit A/D converter,AN116,Not assigned,Not assigned,None,,""
12-bit A/D converter,AN117,Not assigned,Not assigned,None,,""
12-bit A/D converter,AN118,Not assigned,Not assigned,None,,""
12-bit A/D converter,AN119,Not assigned,Not assigned,None,,""
12-bit A/D converter,AN110,Not assigned,Not assigned,None,,""
12-bit A/D converter,AN111,Not assigned,Not assigned,None,,""
12-bit A/D converter,AN112,Not assigned,Not assigned,None,,""
12-bit A/D converter,AN113,Not assigned,Not assigned,None,,""
12-bit A/D converter,AN114,Not assigned,Not assigned,None,,""
12-bit A/D converter,ADTRG0#,Not assigned,Not assigned,None,,""
12-bit D/A converter,DA0,Not assigned,Not assigned,None,,""
12-bit D/A converter,DA1,Not assigned,Not assigned,None,,""
Digital power supply,VBATT,VBATT,15,-,Read only,""
Digital power supply,VSS,VSS,12/21/57/76/93/105/116/130,-,Read only,""
Digital power supply,VCC,VCC,23/59/74/91/103/118/132,-,Read only,""
Digital power supply,VCL,VCL,14,-,Read only,""
Analog power supply,AVCC1,AVCC1,3,-,Read only,""
Analog power supply,AVCC0,AVCC0,143,-,Read only,""
Analog power supply,VREFH0,VREFH0,142,-,Read only,""
Analog power supply,VREFL0,VREFL0,140,-,Read only,""
Analog power supply,AVSS1,AVSS1,5,-,Read only,""
Analog power supply,AVSS0,AVSS0,1,-,Read only,""
I/O Ports,PA0,Not assigned,Not assigned,None,,""
I/O Ports,PA2,Not assigned,Not assigned,None,,""
I/O Ports,PA1,Not assigned,Not assigned,None,,""
I/O Ports,PA4,Not assigned,Not assigned,None,,""
I/O Ports,PA3,Not assigned,Not assigned,None,,""
I/O Ports,PA6,Not assigned,Not assigned,None,,""
I/O Ports,PA5,Not assigned,Not assigned,None,,""
I/O Ports,PA7,Not assigned,Not assigned,None,,""
I/O Ports,PB1,Not assigned,Not assigned,None,,""
I/O Ports,PB0,Not assigned,Not assigned,None,,""
I/O Ports,PB3,Not assigned,Not assigned,None,,""
I/O Ports,PB2,Not assigned,Not assigned,None,,""
I/O Ports,PB5,PB5/A13/MTIOC2A/MTIOC1B/TIOCB4/TMRI1/PO29/POE4#/SCK9/RTS9#/SCK11/ET0_ETXD0/RMII0_TXD0/LCD_CLK-B,80,IO,There is no software initialising this pin,"DRV_CS2"
I/O Ports,PB4,PB4/A12/TIOCA4/PO28/CTS9#/SS9#/SS11#/CTS11#/RTS11#/ET0_TX_EN/RMII0_TXD_EN/LCD_TCON0-B,81,IO,There is no software initialising this pin,"DRV_CS3"
I/O Ports,PB7,Not assigned,Not assigned,None,,""
I/O Ports,PB6,Not assigned,Not assigned,None,,""
I/O Ports,PC0,Not assigned,Not assigned,None,,""
I/O Ports,PC2,Not assigned,Not assigned,None,,""
I/O Ports,PC1,PC1/A17/MTIOC3A/TCLKD/PO18/SCK5/SSLA2-A/ET0_ERXD2/IRQ12,73,IO,There is no software initialising this pin,"DRV_CS1"
I/O Ports,PC4,Not assigned,Not assigned,None,,""
I/O Ports,PC3,Not assigned,Not assigned,None,,""
I/O Ports,PC6,Not assigned,Not assigned,None,,""
I/O Ports,PC5,Not assigned,Not assigned,None,,""
I/O Ports,PC7,Not assigned,Not assigned,None,,""
I/O Ports,PD1,Not assigned,Not assigned,None,,""
I/O Ports,PD0,Not assigned,Not assigned,None,,""
I/O Ports,PD3,Not assigned,Not assigned,None,,""
I/O Ports,PD2,Not assigned,Not assigned,None,,""
I/O Ports,PD5,Not assigned,Not assigned,None,,""
I/O Ports,PD4,Not assigned,Not assigned,None,,""
I/O Ports,PD7,Not assigned,Not assigned,None,,""
I/O Ports,PD6,Not assigned,Not assigned,None,,""
I/O Ports,PE0,Not assigned,Not assigned,None,,""
I/O Ports,PE2,Not assigned,Not assigned,None,,""
I/O Ports,PE1,Not assigned,Not assigned,None,,""
I/O Ports,PE4,Not assigned,Not assigned,None,,""
I/O Ports,PE3,Not assigned,Not assigned,None,,""
I/O Ports,PE6,Not assigned,Not assigned,None,,""
I/O Ports,PE5,Not assigned,Not assigned,None,,""
I/O Ports,PE7,Not assigned,Not assigned,None,,""
I/O Ports,PF5,PF5/WAIT#/SSILRCK0/IRQ4,9,IO,There is no software initialising this pin,"SONAR0_TRIG"
I/O Ports,PJ3,PJ3/EDACK1/MTIOC3C/CTS6#/RTS6#/SS6#/CTS0#/RTS0#/SS0#/SSITXD0/ET0_EXOUT,13,IO,There is no software initialising this pin,"SONAR2_TRIG"
I/O Ports,PJ5,PJ5/POE8#/CTS2#/RTS2#/SS2#/SSIRXD0/EPLSOUT0,11,IO,There is no software initialising this pin,"SONAR1_TRIG"
I/O Ports,P01,Not assigned,Not assigned,None,,""
I/O Ports,P00,Not assigned,Not assigned,None,,""
I/O Ports,P03,Not assigned,Not assigned,None,,""
I/O Ports,P02,Not assigned,Not assigned,None,,""
I/O Ports,P05,Not assigned,Not assigned,None,,""
I/O Ports,P07,P07/IRQ15/ADTRG0#,144,IO,There is no software initialising this pin,"DBG_RESETn"
I/O Ports,P12,Not assigned,Not assigned,None,,""
I/O Ports,P14,Not assigned,Not assigned,None,,""
I/O Ports,P13,Not assigned,Not assigned,None,,""
I/O Ports,P16,Not assigned,Not assigned,None,,""
I/O Ports,P15,Not assigned,Not assigned,None,,""
I/O Ports,P17,Not assigned,Not assigned,None,,""
I/O Ports,P21,Not assigned,Not assigned,None,,""
I/O Ports,P20,Not assigned,Not assigned,None,,""
I/O Ports,P23,Not assigned,Not assigned,None,,""
I/O Ports,P22,Not assigned,Not assigned,None,,""
I/O Ports,P25,Not assigned,Not assigned,None,,""
I/O Ports,P24,Not assigned,Not assigned,None,,""
I/O Ports,P27,Not assigned,Not assigned,None,,""
I/O Ports,P26,Not assigned,Not assigned,None,,""
I/O Ports,P30,Not assigned,Not assigned,None,,""
I/O Ports,P32,P32/MTIOC0C/TIOCC0/TMO3/PO10/RTCIC2/RTCOUT/POE0#/POE10#/TXD6/SMOSI6/SSDA6/TXD0/SMOSI0/SSDA0/CTX0/USB0_VBUSEN/VSYNC/IRQ2,27,IO,There is no software initialising this pin,"LED0"
I/O Ports,P31,Not assigned,Not assigned,None,,""
I/O Ports,P34,Not assigned,Not assigned,None,,""
I/O Ports,P33,P33/EDREQ1/MTIOC0D/TIOCD0/TMRI3/PO11/POE4#/POE11#/RXD6/SMISO6/SSCL6/RXD0/SMISO0/SSCL0/CRX0/PCKO/IRQ3,26,IO,There is no software initialising this pin,"SONAR3_TRIG"
I/O Ports,P36,Not assigned,Not assigned,None,,""
I/O Ports,P35,Not assigned,Not assigned,None,,""
I/O Ports,P37,Not assigned,Not assigned,None,,""
I/O Ports,P41,Not assigned,Not assigned,None,,""
I/O Ports,P40,Not assigned,Not assigned,None,,""
I/O Ports,P43,Not assigned,Not assigned,None,,""
I/O Ports,P42,Not assigned,Not assigned,None,,""
I/O Ports,P45,Not assigned,Not assigned,None,,""
I/O Ports,P44,Not assigned,Not assigned,None,,""
I/O Ports,P47,Not assigned,Not assigned,None,,""
I/O Ports,P46,Not assigned,Not assigned,None,,""
I/O Ports,P50,Not assigned,Not assigned,None,,""
I/O Ports,P52,P52/RD#/RXD2/SMISO2/SSCL2/SSLB3-A,54,IO,There is no software initialising this pin,"LED5"
I/O Ports,P51,P51/WR1#/BC1#/WAIT#/SCK2/SSLB2-A,55,IO,There is no software initialising this pin,"TEMP_1WIRE"
I/O Ports,P54,P54/TRDATA2/ALE/D1/EDACK0/MTIOC4B/TMCI1/CTS2#/RTS2#/SS2#/CTX1/ET0_LINKSTA,52,IO,There is no software initialising this pin,"LED4"
I/O Ports,P53,Not assigned,Not assigned,None,,""
I/O Ports,P56,P56/CLKOUT25M/EDACK1/MTIOC3C/TIOCA1/SCK7,50,IO,There is no software initialising this pin,"LED2"
I/O Ports,P55,P55/TRDATA3/D0/WAIT#/EDREQ0/MTIOC4D/TMO3/TXD7/SMOSI7/SSDA7/CRX1/ET0_EXOUT/IRQ10,51,IO,There is no software initialising this pin,"LED3"
I/O Ports,P61,Not assigned,Not assigned,None,,""
I/O Ports,P60,Not assigned,Not assigned,None,,""
I/O Ports,P63,Not assigned,Not assigned,None,,""
I/O Ports,P62,Not assigned,Not assigned,None,,""
I/O Ports,P65,Not assigned,Not assigned,None,,""
I/O Ports,P64,Not assigned,Not assigned,None,,""
I/O Ports,P67,Not assigned,Not assigned,None,,""
I/O Ports,P66,Not assigned,Not assigned,None,,""
I/O Ports,P70,Not assigned,Not assigned,None,,""
I/O Ports,P72,Not assigned,Not assigned,None,,""
I/O Ports,P71,Not assigned,Not assigned,None,,""
I/O Ports,P74,Not assigned,Not assigned,None,,""
I/O Ports,P73,Not assigned,Not assigned,None,,""
I/O Ports,P76,Not assigned,Not assigned,None,,""
I/O Ports,P75,Not assigned,Not assigned,None,,""
I/O Ports,P77,Not assigned,Not assigned,None,,""
I/O Ports,P81,Not assigned,Not assigned,None,,""
I/O Ports,P80,Not assigned,Not assigned,None,,""
I/O Ports,P83,Not assigned,Not assigned,None,,""
I/O Ports,P82,Not assigned,Not assigned,None,,""
I/O Ports,P87,P87/MTIOC4C/TIOCA2/GTIOC1B/SMOSI10/SSDA10/TXD10/EPLSOUT1/SDHI_D2-C/PIXD2,39,IO,There is no software initialising this pin,"LED1"
I/O Ports,P86,Not assigned,Not assigned,None,,""
I/O Ports,P90,Not assigned,Not assigned,None,,""
I/O Ports,P92,Not assigned,Not assigned,None,,""
I/O Ports,P91,Not assigned,Not assigned,None,,""
I/O Ports,P93,Not assigned,Not assigned,None,,""
