"Refs","Value","Footprint","Qty","DNP"
"C1","10n","Capacitor_SMD:C_0603_1608Metric_Pad1.08x0.95mm_HandSolder","1",""
"C2","10n","Capacitor_SMD:C_0603_1608Metric_Pad1.08x0.95mm_HandSolder","1",""
"C3","10n","Capacitor_SMD:C_0603_1608Metric_Pad1.08x0.95mm_HandSolder","1",""
"C4","10n","Capacitor_SMD:C_0603_1608Metric_Pad1.08x0.95mm_HandSolder","1",""
"C5","100n","Capacitor_SMD:C_0603_1608Metric_Pad1.08x0.95mm_HandSolder","1",""
"C6","100n","Capacitor_SMD:C_0603_1608Metric_Pad1.08x0.95mm_HandSolder","1",""
"C7","4u7","Capacitor_SMD:C_0805_2012Metric_Pad1.18x1.45mm_HandSolder","1",""
"C8","4u7","Capacitor_SMD:C_0805_2012Metric_Pad1.18x1.45mm_HandSolder","1",""
"C9","1u","Capacitor_SMD:C_0603_1608Metric_Pad1.08x0.95mm_HandSolder","1",""
"C10","10n","Capacitor_SMD:C_0603_1608Metric_Pad1.08x0.95mm_HandSolder","1",""
"C11","10n","Capacitor_SMD:C_0603_1608Metric_Pad1.08x0.95mm_HandSolder","1",""
"C12","10n","Capacitor_SMD:C_0603_1608Metric_Pad1.08x0.95mm_HandSolder","1",""
"C13","10n","Capacitor_SMD:C_0603_1608Metric_Pad1.08x0.95mm_HandSolder","1",""
"C14","100n","Capacitor_SMD:C_0603_1608Metric_Pad1.08x0.95mm_HandSolder","1",""
"C15","4u7","Capacitor_SMD:C_0805_2012Metric_Pad1.18x1.45mm_HandSolder","1",""
"C16","4u7","Capacitor_SMD:C_0805_2012Metric_Pad1.18x1.45mm_HandSolder","1",""
"C17","100n","Capacitor_SMD:C_0603_1608Metric_Pad1.08x0.95mm_HandSolder","1",""
"C18","1u","Capacitor_SMD:C_0603_1608Metric_Pad1.08x0.95mm_HandSolder","1",""
"C19","100n","Capacitor_SMD:C_0603_1608Metric_Pad1.08x0.95mm_HandSolder","1",""
"C20","1u","Capacitor_SMD:C_0603_1608Metric_Pad1.08x0.95mm_HandSolder","1",""
"C21","4u7","Capacitor_SMD:C_0805_2012Metric_Pad1.18x1.45mm_HandSolder","1",""
"C22","1u","Capacitor_SMD:C_0603_1608Metric_Pad1.08x0.95mm_HandSolder","1",""
"C23","1u","Capacitor_SMD:C_0603_1608Metric_Pad1.08x0.95mm_HandSolder","1",""
"C24","1u","Capacitor_SMD:C_0603_1608Metric_Pad1.08x0.95mm_HandSolder","1",""
"C25","10u","Capacitor_SMD:C_0805_2012Metric_Pad1.18x1.45mm_HandSolder","1",""
"C26","10u","Capacitor_SMD:C_0805_2012Metric_Pad1.18x1.45mm_HandSolder","1",""
"C27","10n","Capacitor_SMD:C_0603_1608Metric_Pad1.08x0.95mm_HandSolder","1",""
"C28","10n","Capacitor_SMD:C_0603_1608Metric_Pad1.08x0.95mm_HandSolder","1",""
"C29","10n","Capacitor_SMD:C_0603_1608Metric_Pad1.08x0.95mm_HandSolder","1",""
"C30","10n","Capacitor_SMD:C_0603_1608Metric_Pad1.08x0.95mm_HandSolder","1",""
"C31","100n","Capacitor_SMD:C_0603_1608Metric_Pad1.08x0.95mm_HandSolder","1",""
"C32","4u7","Capacitor_SMD:C_0805_2012Metric_Pad1.18x1.45mm_HandSolder","1",""
"C33","4u7","Capacitor_SMD:C_0805_2012Metric_Pad1.18x1.45mm_HandSolder","1",""
"C34","1u","Capacitor_SMD:C_0603_1608Metric_Pad1.08x0.95mm_HandSolder","1",""
"C49","10u","Capacitor_SMD:C_0805_2012Metric_Pad1.18x1.45mm_HandSolder","1",""
"C54","10u","Capacitor_SMD:C_0805_2012Metric_Pad1.18x1.45mm_HandSolder","1",""
"C55","1u","Capacitor_SMD:C_0603_1608Metric_Pad1.08x0.95mm_HandSolder","1",""
"C56","100n","Capacitor_SMD:C_0603_1608Metric_Pad1.08x0.95mm_HandSolder","1",""
"C57","10n","Capacitor_SMD:C_0603_1608Metric_Pad1.08x0.95mm_HandSolder","1",""
"C58","10u","Capacitor_SMD:C_0805_2012Metric_Pad1.18x1.45mm_HandSolder","1",""
"C59","1u","Capacitor_SMD:C_0603_1608Metric_Pad1.08x0.95mm_HandSolder","1",""
"C60","100n","Capacitor_SMD:C_0603_1608Metric_Pad1.08x0.95mm_HandSolder","1",""
"C61","27p","Capacitor_SMD:C_0603_1608Metric_Pad1.08x0.95mm_HandSolder","1",""
"C62","27p","Capacitor_SMD:C_0603_1608Metric_Pad1.08x0.95mm_HandSolder","1",""
"C63","10u","Capacitor_SMD:C_0805_2012Metric_Pad1.18x1.45mm_HandSolder","1",""
"C64","10u","Capacitor_SMD:C_0805_2012Metric_Pad1.18x1.45mm_HandSolder","1",""
"C65","1u","Capacitor_SMD:C_0603_1608Metric_Pad1.08x0.95mm_HandSolder","1",""
"C66","100n","Capacitor_SMD:C_0603_1608Metric_Pad1.08x0.95mm_HandSolder","1",""
"C67","10u","Capacitor_SMD:C_0805_2012Metric_Pad1.18x1.45mm_HandSolder","1",""
"C68","100n","Capacitor_SMD:C_0603_1608Metric_Pad1.08x0.95mm_HandSolder","1",""
"C69","100n","Capacitor_SMD:C_0603_1608Metric_Pad1.08x0.95mm_HandSolder","1",""
"C70","10u","Capacitor_SMD:C_0805_2012Metric_Pad1.18x1.45mm_HandSolder","1",""
"C71","1u","Capacitor_SMD:C_0603_1608Metric_Pad1.08x0.95mm_HandSolder","1",""
"C72","100n","Capacitor_SMD:C_0603_1608Metric_Pad1.08x0.95mm_HandSolder","1",""
"C73","10n","Capacitor_SMD:C_0603_1608Metric_Pad1.08x0.95mm_HandSolder","1",""
"C74","10u","Capacitor_SMD:C_0805_2012Metric_Pad1.18x1.45mm_HandSolder","1",""
"C75","1u","Capacitor_SMD:C_0603_1608Metric_Pad1.08x0.95mm_HandSolder","1",""
"C76","100n","Capacitor_SMD:C_0603_1608Metric_Pad1.08x0.95mm_HandSolder","1",""
"C77","10u","Capacitor_SMD:C_0805_2012Metric_Pad1.18x1.45mm_HandSolder","1",""
"C78","10u","Capacitor_SMD:C_0805_2012Metric_Pad1.18x1.45mm_HandSolder","1",""
"C79","1u","Capacitor_SMD:C_0603_1608Metric_Pad1.08x0.95mm_HandSolder","1",""
"C80","100n","Capacitor_SMD:C_0603_1608Metric_Pad1.08x0.95mm_HandSolder","1",""
"C81","100n","Capacitor_SMD:C_0603_1608Metric_Pad1.08x0.95mm_HandSolder","1",""
"C82","10u","Capacitor_SMD:C_0805_2012Metric_Pad1.18x1.45mm_HandSolder","1",""
"C83","1u","Capacitor_SMD:C_0603_1608Metric_Pad1.08x0.95mm_HandSolder","1",""
"C84","100n","Capacitor_SMD:C_0603_1608Metric_Pad1.08x0.95mm_HandSolder","1",""
"C85","220n","Capacitor_SMD:C_0603_1608Metric_Pad1.08x0.95mm_HandSolder","1",""
"C86","10n","Capacitor_SMD:C_0603_1608Metric_Pad1.08x0.95mm_HandSolder","1",""
"C87","1u","Capacitor_SMD:C_0603_1608Metric_Pad1.08x0.95mm_HandSolder","1",""
"C88","100n","Capacitor_SMD:C_0603_1608Metric_Pad1.08x0.95mm_HandSolder","1",""
"C89","1u","Capacitor_SMD:C_0603_1608Metric_Pad1.08x0.95mm_HandSolder","1",""
"C90","100n","Capacitor_SMD:C_0603_1608Metric_Pad1.08x0.95mm_HandSolder","1",""
"C91","10u","Capacitor_SMD:C_0805_2012Metric_Pad1.18x1.45mm_HandSolder","1",""
"C92","1u","Capacitor_SMD:C_0603_1608Metric_Pad1.08x0.95mm_HandSolder","1",""
"C93","100n","Capacitor_SMD:C_0603_1608Metric_Pad1.08x0.95mm_HandSolder","1",""
"C94","100n","Capacitor_SMD:C_0603_1608Metric_Pad1.08x0.95mm_HandSolder","1",""
"C95","1u","Capacitor_SMD:C_0603_1608Metric_Pad1.08x0.95mm_HandSolder","1",""
"C96","100n","Capacitor_SMD:C_0603_1608Metric_Pad1.08x0.95mm_HandSolder","1",""
"C97","10n","Capacitor_SMD:C_0603_1608Metric_Pad1.08x0.95mm_HandSolder","1",""
"C110","100n","Capacitor_SMD:C_0603_1608Metric_Pad1.08x0.95mm_HandSolder","1",""
"C111","100n","Capacitor_SMD:C_0603_1608Metric_Pad1.08x0.95mm_HandSolder","1",""
"C112","100n","Capacitor_SMD:C_0603_1608Metric_Pad1.08x0.95mm_HandSolder","1",""
"C113","100n","Capacitor_SMD:C_0603_1608Metric_Pad1.08x0.95mm_HandSolder","1",""
"D1","82306050029","82306050029:WESURGE_0603134","1",""
"D2","82306050029","82306050029:WESURGE_0603134","1",""
"D3","82306050029","82306050029:WESURGE_0603134","1",""
"D4","82306050029","82306050029:WESURGE_0603134","1",""
"D5","1N4007W-T","1N4007W-T:SODFL3818X130N","1",""
"D6","1N4007W-T","1N4007W-T:SODFL3818X130N","1",""
"D7","RED","SML-D12Y1WT86:LEDC1608X55N","1",""
"D8","RED","SML-D12Y1WT86:LEDC1608X55N","1",""
"D9","RED","SML-D12Y1WT86:LEDC1608X55N","1",""
"D10","RED","SML-D12Y1WT86:LEDC1608X55N","1",""
"D11","RED","SML-D12Y1WT86:LEDC1608X55N","1",""
"D12","RED","SML-D12Y1WT86:LEDC1608X55N","1",""
"D13","RED","SML-D12Y1WT86:LEDC1608X55N","1",""
"D14","RED","SML-D12Y1WT86:LEDC1608X55N","1",""
"FB1","22R","Resistor_SMD:R_0603_1608Metric_Pad0.98x0.95mm_HandSolder","1",""
"FB2","22R","Resistor_SMD:R_0603_1608Metric_Pad0.98x0.95mm_HandSolder","1",""
"FB3","22R","Resistor_SMD:R_0603_1608Metric_Pad0.98x0.95mm_HandSolder","1",""
"J1","Conn_02x20_Odd_Even","Connector_PinHeader_2.54mm:PinHeader_2x20_P2.54mm_Vertical","1",""
"J2","Conn_01x04","Connector_PinHeader_2.54mm:PinHeader_1x04_P2.54mm_Vertical","1",""
"J3","Conn_01x09","Connector_PinHeader_2.54mm:PinHeader_1x09_P2.54mm_Vertical","1",""
"J4","Conn_01x04","Connector_PinHeader_2.54mm:PinHeader_1x04_P2.54mm_Vertical","1",""
"J5","S5B-XH-A","S5B-XH-A:JST_S5B-XH-A","1",""
"J6","USB4216-03-A","USB4216-03-A:USB421603A","1",""
"J7","54-00130","54_00130:TENSILITY_54-00130","1",""
"J8","USB4216-03-A","USB4216-03-A:USB421603A","1",""
"J13","E1E2-Emulator-Interface","E1E2-Emulator-Interface:SAMTEC-HTST-107-01-X-DV","1",""
"J14","USB4216-03-A","USB4216-03-A:USB421603A","1",""
"J15","Motor_Driver_Module","customLibrary:Motor_Driver_Module","1",""
"J17","Motor_Driver_Module","customLibrary:Motor_Driver_Module","1",""
"J18","EMU CFG","Connector_PinHeader_2.54mm:PinHeader_1x03_P2.54mm_Vertical","1",""
"J19","UPSEL_CFG","Connector_PinHeader_2.54mm:PinHeader_1x03_P2.54mm_Vertical","1",""
"J20","1017491","1017491:1017491","1",""
"J21","282837-4","282837_4:TE_282837-4","1",""
"J22","1017491","1017491:1017491","1",""
"J23","282837-4","282837_4:TE_282837-4","1",""
"J24","Motor_Driver_Module","customLibrary:Motor_Driver_Module","1",""
"J25","Motor_Driver_Module","customLibrary:Motor_Driver_Module","1",""
"P1","282837-2","282837_2:TE_282837-2","1",""
"P2","282837-2","282837_2:TE_282837-2","1",""
"P3","282837-2","282837_2:TE_282837-2","1",""
"P4","282837-2","282837_2:TE_282837-2","1",""
"PS1","SKMW30F-05","SKMW30F-05:CONV_SKMW30F-05","1",""
"PS2","SKMW30F-05","SKMW30F-05:CONV_SKMW30F-05","1",""
"PS3","SKMW30F-05","SKMW30F-05:CONV_SKMW30F-05","1",""
"Q5","SSM6J507NU-LF","SSM6J507NU-LF:SSM6J507NULF","1",""
"R1","4k7","Resistor_SMD:R_0603_1608Metric_Pad0.98x0.95mm_HandSolder","1",""
"R2","4k7","Resistor_SMD:R_0603_1608Metric_Pad0.98x0.95mm_HandSolder","1",""
"R3","5k1","Resistor_SMD:R_0603_1608Metric_Pad0.98x0.95mm_HandSolder","1",""
"R4","27R","Resistor_SMD:R_0603_1608Metric_Pad0.98x0.95mm_HandSolder","1",""
"R5","27R","Resistor_SMD:R_0603_1608Metric_Pad0.98x0.95mm_HandSolder","1",""
"R6","15k","Resistor_SMD:R_0603_1608Metric_Pad0.98x0.95mm_HandSolder","1",""
"R7","30k","Resistor_SMD:R_0603_1608Metric_Pad0.98x0.95mm_HandSolder","1",""
"R8","5k1","Resistor_SMD:R_0603_1608Metric_Pad0.98x0.95mm_HandSolder","1",""
"R9","5k1","Resistor_SMD:R_0603_1608Metric_Pad0.98x0.95mm_HandSolder","1",""
"R10","4k7","Resistor_SMD:R_0603_1608Metric_Pad0.98x0.95mm_HandSolder","1",""
"R11","4k7","Resistor_SMD:R_0603_1608Metric_Pad0.98x0.95mm_HandSolder","1",""
"R12","10k","Resistor_SMD:R_0603_1608Metric_Pad0.98x0.95mm_HandSolder","1",""
"R13","20k","Resistor_SMD:R_0603_1608Metric_Pad0.98x0.95mm_HandSolder","1",""
"R14","4k7","Resistor_SMD:R_0603_1608Metric_Pad0.98x0.95mm_HandSolder","1",""
"R15","4k7","Resistor_SMD:R_0603_1608Metric_Pad0.98x0.95mm_HandSolder","1",""
"R16","4k7","Resistor_SMD:R_0603_1608Metric_Pad0.98x0.95mm_HandSolder","1",""
"R17","10k","Resistor_SMD:R_0603_1608Metric_Pad0.98x0.95mm_HandSolder","1",""
"R18","10k","Resistor_SMD:R_0603_1608Metric_Pad0.98x0.95mm_HandSolder","1",""
"R19","10k","Resistor_SMD:R_0603_1608Metric_Pad0.98x0.95mm_HandSolder","1",""
"R20","10k","Resistor_SMD:R_0603_1608Metric_Pad0.98x0.95mm_HandSolder","1",""
"R21","10k","Resistor_SMD:R_0603_1608Metric_Pad0.98x0.95mm_HandSolder","1",""
"R22","5k1","Resistor_SMD:R_0603_1608Metric_Pad0.98x0.95mm_HandSolder","1",""
"R23","10k","Resistor_SMD:R_0603_1608Metric_Pad0.98x0.95mm_HandSolder","1",""
"R24","10k","Resistor_SMD:R_0603_1608Metric_Pad0.98x0.95mm_HandSolder","1",""
"R25","1k","Resistor_SMD:R_0603_1608Metric_Pad0.98x0.95mm_HandSolder","1",""
"R26","1k","Resistor_SMD:R_0603_1608Metric_Pad0.98x0.95mm_HandSolder","1",""
"R27","10k","Resistor_SMD:R_0603_1608Metric_Pad0.98x0.95mm_HandSolder","1",""
"R28","68R","Resistor_SMD:R_0603_1608Metric_Pad0.98x0.95mm_HandSolder","1",""
"R29","68R","Resistor_SMD:R_0603_1608Metric_Pad0.98x0.95mm_HandSolder","1",""
"R30","68R","Resistor_SMD:R_0603_1608Metric_Pad0.98x0.95mm_HandSolder","1",""
"R31","68R","Resistor_SMD:R_0603_1608Metric_Pad0.98x0.95mm_HandSolder","1",""
"R32","68R","Resistor_SMD:R_0603_1608Metric_Pad0.98x0.95mm_HandSolder","1",""
"R33","68R","Resistor_SMD:R_0603_1608Metric_Pad0.98x0.95mm_HandSolder","1",""
"R34","10k","Resistor_SMD:R_0603_1608Metric_Pad0.98x0.95mm_HandSolder","1",""
"R35","20k","Resistor_SMD:R_0603_1608Metric_Pad0.98x0.95mm_HandSolder","1",""
"R36","10k","Resistor_SMD:R_0603_1608Metric_Pad0.98x0.95mm_HandSolder","1",""
"R37","4k7","Resistor_SMD:R_0603_1608Metric_Pad0.98x0.95mm_HandSolder","1",""
"R38","4k7","Resistor_SMD:R_0603_1608Metric_Pad0.98x0.95mm_HandSolder","1",""
"R39","10k","Resistor_SMD:R_0603_1608Metric_Pad0.98x0.95mm_HandSolder","1",""
"R40","10k","Resistor_SMD:R_0603_1608Metric_Pad0.98x0.95mm_HandSolder","1",""
"R41","0R","Resistor_SMD:R_0603_1608Metric_Pad0.98x0.95mm_HandSolder","1",""
"R42","0R","Resistor_SMD:R_0603_1608Metric_Pad0.98x0.95mm_HandSolder","1",""
"R43","0R","Resistor_SMD:R_0603_1608Metric_Pad0.98x0.95mm_HandSolder","1",""
"R47","4k7","Resistor_SMD:R_0603_1608Metric_Pad0.98x0.95mm_HandSolder","1",""
"R49","4k7","Resistor_SMD:R_0603_1608Metric_Pad0.98x0.95mm_HandSolder","1",""
"R50","10k","Resistor_SMD:R_0603_1608Metric_Pad0.98x0.95mm_HandSolder","1",""
"R63","10k","Resistor_SMD:R_0603_1608Metric_Pad0.98x0.95mm_HandSolder","1",""
"R64","0R","Resistor_SMD:R_0603_1608Metric_Pad0.98x0.95mm_HandSolder","1","DNP"
"R65","4k7","Resistor_SMD:R_0603_1608Metric_Pad0.98x0.95mm_HandSolder","1",""
"R66","4k7","Resistor_SMD:R_0603_1608Metric_Pad0.98x0.95mm_HandSolder","1",""
"R69","4k7","Resistor_SMD:R_0603_1608Metric_Pad0.98x0.95mm_HandSolder","1",""
"R70","4k7","Resistor_SMD:R_0603_1608Metric_Pad0.98x0.95mm_HandSolder","1",""
"R71","4k7","Resistor_SMD:R_0603_1608Metric_Pad0.98x0.95mm_HandSolder","1",""
"R72","0R","Resistor_SMD:R_0603_1608Metric_Pad0.98x0.95mm_HandSolder","1","DNP"
"R73","4k7","Resistor_SMD:R_0603_1608Metric_Pad0.98x0.95mm_HandSolder","1",""
"R74","48k","Resistor_SMD:R_0603_1608Metric_Pad0.98x0.95mm_HandSolder","1",""
"R75","0R","Resistor_SMD:R_0603_1608Metric_Pad0.98x0.95mm_HandSolder","1",""
"R76","0R","Resistor_SMD:R_0603_1608Metric_Pad0.98x0.95mm_HandSolder","1","DNP"
"R77","0R","Resistor_SMD:R_0603_1608Metric_Pad0.98x0.95mm_HandSolder","1","DNP"
"R78","4k7","Resistor_SMD:R_0603_1608Metric_Pad0.98x0.95mm_HandSolder","1",""
"R79","5k1","Resistor_SMD:R_0603_1608Metric_Pad0.98x0.95mm_HandSolder","1",""
"R80","5k1","Resistor_SMD:R_0603_1608Metric_Pad0.98x0.95mm_HandSolder","1",""
"R81","48k","Resistor_SMD:R_0603_1608Metric_Pad0.98x0.95mm_HandSolder","1",""
"R82","0R","Resistor_SMD:R_0603_1608Metric_Pad0.98x0.95mm_HandSolder","1",""
"R83","0R","Resistor_SMD:R_0603_1608Metric_Pad0.98x0.95mm_HandSolder","1","DNP"
"R84","0R","Resistor_SMD:R_0603_1608Metric_Pad0.98x0.95mm_HandSolder","1","DNP"
"R85","0R","Resistor_SMD:R_0603_1608Metric_Pad0.98x0.95mm_HandSolder","1","DNP"
"R86","4k7","Resistor_SMD:R_0603_1608Metric_Pad0.98x0.95mm_HandSolder","1",""
"R87","4k7","Resistor_SMD:R_0603_1608Metric_Pad0.98x0.95mm_HandSolder","1",""
"R88","5k1","Resistor_SMD:R_0603_1608Metric_Pad0.98x0.95mm_HandSolder","1",""
"R89","48k","Resistor_SMD:R_0603_1608Metric_Pad0.98x0.95mm_HandSolder","1",""
"R90","0R","Resistor_SMD:R_0603_1608Metric_Pad0.98x0.95mm_HandSolder","1",""
"R91","0R","Resistor_SMD:R_0603_1608Metric_Pad0.98x0.95mm_HandSolder","1","DNP"
"R92","0R","Resistor_SMD:R_0603_1608Metric_Pad0.98x0.95mm_HandSolder","1","DNP"
"R93","0R","Resistor_SMD:R_0603_1608Metric_Pad0.98x0.95mm_HandSolder","1","DNP"
"R94","4k7","Resistor_SMD:R_0603_1608Metric_Pad0.98x0.95mm_HandSolder","1",""
"R95","4k7","Resistor_SMD:R_0603_1608Metric_Pad0.98x0.95mm_HandSolder","1",""
"R96","5k1","Resistor_SMD:R_0603_1608Metric_Pad0.98x0.95mm_HandSolder","1",""
"R97","48k","Resistor_SMD:R_0603_1608Metric_Pad0.98x0.95mm_HandSolder","1",""
"R98","0R","Resistor_SMD:R_0603_1608Metric_Pad0.98x0.95mm_HandSolder","1",""
"R99","0R","Resistor_SMD:R_0603_1608Metric_Pad0.98x0.95mm_HandSolder","1","DNP"
"R100","0R","Resistor_SMD:R_0603_1608Metric_Pad0.98x0.95mm_HandSolder","1","DNP"
"S1","RST","SKRPACE010:SMT_4.2X3.2_","1",""
"SW1","OP_CFG","418117270902:418117270902","1",""
"U1","TVS2200DRV","TVS2200DRVR:SON65P200X200X80-7N","1",""
"U2","TVS2200DRV","TVS2200DRVR:SON65P200X200X80-7N","1",""
"U3","LDL1117S33R","LDL1117S33R:SOT230P700X180-4N","1",""
"U4","CY7C65213A-28PVXI","CY7C65213A-28PVXI:SOP65P780X200-28N","1",""
"U5","TPS2116DRLR","TPS2116DRLR:TPS62932DRLR","1",""
"U6","TVS2200DRV","TVS2200DRVR:SON65P200X200X80-7N","1",""
"U10","DS18B20+","DS18B20+:DS18B20","1",""
"U11","R5F572NNHDFB#30","R5F572NNHDFB-30:QFP50P2200X2200X170-144N","1",""
"Y1","24MHz","ECS_240_20_4X:XTAL_ECS-240-20-4X","1",""
